Los Angels,Los Angeles Lakers
Los Angels Lakers,Los Angeles Lakers
Los Angeles Lakrs,Los Angeles Lakers
Mimi,Miami Heat
Het,Miami Heat
Godlen State,Golden State Warriors
Godlen State Warriors,Golden State Warriors
Wariors,Golden State Warriors
Angeles Warriors, Golden State Warriors
Keltics,Boston Celtics
Bawstun Keltics,Boston Celtics
Bawstun Celtics,Boston Celtics
Sharlot Hornits,Charlotte Hornets
Wizzards,Washington Wizards
Dalas Maveriks,Dallas Mavericks
Dallas Maverics,Dallas Mavericks
Hewstun Rokets,Houston Rockets
Antonio Spurs,San Antonio Spurs
Denver Nugets,Denver Nuggets
Portland Trailblazers,Portland Trail Blazers
Blazzers,Portland Trail Blazers
Losangeles Clippers,Los Angeles Clippers
Losangeles Clipers,Los Angeles Clippers
Sakraminto,Sacramento Kings
Sakraminto cings,Sacramento Kings
Feenix Suns,Phoenix Suns
Feenix,Phoenix Suns
Sons,Phoenix Suns
Milwokee Buks,Milwaukee Bucks
Buks,Milwaukee Bucks
Pasers,Indiana Pacers
Pistuns,Detroit Pistons
Trailblazers,Portland Trail Blazers
Hornetts,Charlotte Hornets
Memfis,Memphis Grizzlies
Buls,Chicago Bulls
God Sta,Golden State Warriors
Wr,Golden State Warriors
Heeeeewston Roockets,Houston Rockets
Tralblz,Portland Trail Blazers
Kelt,Boston Celtics
Los C,Los Angeles Clippers
Dal Mav,Dallas Mavericks
Wiz,Washington Wizards
Lake Guys,Los Angeles Lakers
Klip,Los Angeles Clippers
Grizzly Bears,Memphis Grizzlies
Peckilan